{"cameraMode":{"drawMode":0,"name":"Shaded","section":"Shading Mode"},"sceneLighting":true,"audioPlay":false,"sceneViewState":{"m_AlwaysRefresh":false,"showFog":true,"showSkybox":true,"showFlares":true,"showImageEffects":true,"showParticleSystems":true,"showVisualEffectGraphs":true,"m_FxEnabled":true},"in2DMode":false,"pivot":{"x":-19.920042037963868,"y":4.2827653884887699,"z":15.40112590789795},"rotation":{"x":0.11998458206653595,"y":0.024131998419761659,"z":-0.002918142592534423,"w":0.9924857020378113},"size":12.12435531616211,"orthographic":false}